{
  "by_condition": {
    "Depression": {
      "mean": -0.054945837885077564,
      "std": 0.722795011578564,
      "positive_pct": 45.84880926370985,
      "negative_pct": 51.256281407035175,
      "neutral_pct": 2.8949093292549706
    },
    "Diabetes, Type 2": {
      "mean": -0.0026527407987470644,
      "std": 0.6592377768915629,
      "positive_pct": 47.57243539545811,
      "negative_pct": 47.180892717306186,
      "neutral_pct": 5.246671887235708
    },
    "High Blood Pressure": {
      "mean": -0.11877523928422808,
      "std": 0.6142716372623921,
      "positive_pct": 38.909696213067,
      "negative_pct": 54.598418643362464,
      "neutral_pct": 6.491885143570538
    }
  },
  "by_rating": {
    "1": {
      "mean": -0.5203898463227223,
      "count": 1822
    },
    "2": {
      "mean": -0.4363896923076923,
      "count": 650
    },
    "3": {
      "mean": -0.3517044673539519,
      "count": 582
    },
    "4": {
      "mean": -0.3203164882226981,
      "count": 467
    },
    "5": {
      "mean": -0.22393442838370564,
      "count": 761
    },
    "6": {
      "mean": -0.16105,
      "count": 686
    },
    "7": {
      "mean": -0.0721465483234714,
      "count": 1014
    },
    "8": {
      "mean": 0.0304923630326508,
      "count": 1807
    },
    "9": {
      "mean": 0.14233824,
      "count": 2500
    },
    "10": {
      "mean": 0.19205204081632654,
      "count": 3822
    }
  },
  "overall": {
    "mean": -0.05635080433704203,
    "std": 0.6949467190304357,
    "percentiles": {
      "25": -0.7675,
      "50": -0.1001,
      "75": 0.6552
    }
  }
}