{
  "tuning_date": "2026-04-16T01:20:42.157243",
  "training_samples": 14111,
  "test_samples": 4751,
  "conditions": [
    "Depression",
    "Diabetes, Type 2",
    "High Blood Pressure"
  ],
  "random_search_best": NaN,
  "grid_search_best": NaN,
  "test_accuracy": 0.9381182908861292,
  "test_precision": 0.9406469956594421,
  "test_recall": 0.9381182908861292,
  "test_f1": 0.9366319113827289,
  "cv_scores": [
    0.9422600070846617,
    0.9386959603118356,
    0.9397590361445783,
    0.9337349397590361,
    0.9319631467044649
  ],
  "cv_mean": 0.9372826180009154,
  "cv_std": 0.0038415460737250546,
  "baseline_accuracy": 0.949273837086929,
  "improvement": -0.011155546200799837,
  "improvement_pct": -1.1751662971175136,
  "total_time_seconds": 21357.978707790375
}